est-ks1|1DdIbwtK4vfHU4w15uayCsg_VdaD7Afft|est|skript|ESt-Kurzskript I (Engelberth)|94ae8633d4b04c3134d6e80ea4dbb2314555d83fafa21233a7c549f8a58c6f4f
kst-e1|1NjpRms5XvB44VgC6lF_1S6qt2o83AMUz|kst|unterricht|KStG · 1. Einheit (Nöthen)|
kst-e2|1OuzYeApaBwDPJJzggIpXPMUaMP2XjIcV|kst|unterricht|KStG · 2. Einheit (Nöthen)|
kst-e3|1Q-GaevSiuV1Cbl9euHBTEeGl6DeX9tOt|kst|unterricht|KStG · 3. Einheit (Nöthen)|
kst-e4|1u9_t43kPY6EyP-1XuM_GN7Wg60lVy17u|kst|unterricht|KStG · 4. Einheit (Nöthen)|
kst-e5|1eTHYyzU1tAiYYCDbfh2MZpecWGMbJwdC|kst|unterricht|KStG · 5. Einheit (Nöthen)|
kst-e6|1dKCFVjoDnQzOGwZcnkKj5QgxvdxybL7J|kst|unterricht|KStG · 6. Einheit (Nöthen)|
kst-e7|1agPpdReQShPKXLxnq5Axo0iL7IRALUx9|kst|unterricht|KStG · 7. Einheit (Nöthen)|
erbst-e4-1|185fNc_fJW2CCUVfeUD6MaDCQ5EHFAK1O|erbst|unterricht|ErbStR · 4. Einheit, Teil 1|77368421062c7a0a2079346eb09427f2a1f0e48b54b40d9a5f063dfd8675274c
erbst-e4-2|1DTUXD5w5NHs2U4V9tvC1MlbHkdlbu1wV|erbst|unterricht|ErbStR · 4. Einheit, Teil 2|
erbst-e5-1|1ObPFd8dnae_W8WIj1wr6rj8CDFnUMQ7o|erbst|unterricht|ErbStR · 5. Einheit, Teil 1|
erbst-e5-2|1BbwheGqCbRBMzeNstEcWXlXmAXLWcH6k|erbst|unterricht|ErbSt · 5. Einheit, Teil 2|
bil-facts|1abE85eIrTg5SBxpehBBBdfZTa2vSAVEH|bilanz|factsheet|Bilanz Fact Sheets (Horst, 05/2026)|
persg-facts|179WkR77_ZOKvZAR4fEICG_IM7nXMYL-5|persg|factsheet|PersG Fact Sheets (Horst, 04/2025)|
lst-korrektur|1c3sKXOHq10Hc64yEtQ2pWvJiEvoBiYWW|est|mitschrift|Lohnsteuer · Korrektur der letzten Berechnung (Rundungsfehler)|
lst-mitschrift|1_pq7S0hPgWxnJb92toX_iS43YfSUd3Li|est|mitschrift|Lohnsteuervideo · Mitschrift|
istr-hinzurechnung|1VAZgmlSjnr_IZqs7Tf8bNxB2vJj8Mc99|istr|mitschrift|Beispiel Hinzurechnungsbesteuerung|
persg-folien-1|1hJix2yF-IIb7laLgKG0sRog24c_POqZX|persg|folien|Personengesellschaften · Folien Horst, Fassung 1|
persg-folien-2|1UKzwT0Pu7slpR8XpzKQN_d0waycqELOn|persg|folien|Personengesellschaften · Folien Horst, Fassung 2|
ao-fgo|1g6C6ngjpPqb2vYjuwyTux3wVSpEC2cjj|ao|mitschrift|FGO · Sachurteilsvoraussetzungen|
ao-notfallbuch|1i0ZTLaEYMK2uMqkvu_50s8zV-hpOnQOy|ao|mitschrift|Notfallbuch AO/FGO|
erbst-lsg-9-14|1jwrR7DwPn38ZYexSXejnz8IJRN_DIC8s|erbst|loesung|Mirbach · Lösungen Fall 9 und 14|573b9af213eae76dbb51bc8987cbbe566e6bc2ea830b5e2e0640af18cf482b79
erbst-lsg-28|1b60K4kuKkryqC1l0DTLEQ_XJsJhDothY|erbst|loesung|Mirbach · Lösung Fall 28, Abwandlung 2|53a0560d776eacccc4be0fbacee3ab11c2e65333e173e8570063f83647a6d770
bil-aufgaben-3|1BAkRtcO0A3-2YPaUaUfTBLoT3vHRBKhk|bilanz|aufgabe|Bilanz · Übungsfälle laufender Unterricht, Teil 3|100b2b34c69004765a436223a2f6cbce92b2e4343fa0113f4f9515316c6b22ad
mark-w-0601|1FriYUGyba2l3zXd6xFKGA8RVvPYZEF3l|quer|zip|Markierung Wiegmann 01.06.|
mark-w-0602|1l_dXJuJ4H8-4tmPWYvKrxOMT5M62jMeZ|quer|zip|Markierung Wiegmann 02.06.|
mark-w-0603|1dB8dAPCR6BAEjeBHErGXzvVam_MBaHUX|quer|zip|Markierung Wiegmann 03.06.|
notiz-0601|1L3WWpe8qWoc8a-MftMDwkrn2ZlHIAvV0|quer|mitschrift|Notiz 01.06.2026|
notiz-0602|151XWHbTnxXqWISd-DHshjjyCHWV1Djom|quer|mitschrift|Notiz 02.06.2026 (1)|
notiz-0603|1GWPxF8cYrZAxXrzSOZuG4Z9ATxLlgWyk|quer|mitschrift|Notiz 03.06.2026|
notiz-0604|1RJf5WbN7ezzj3R3ZUMuh344bx3LNtIy1|quer|mitschrift|Notiz 04.06.2026|
mark-w-0604|1UiY9eVzm_-emFhzTr2qsJGNlB-6aBjmn|quer|zip|Markierung Wiegmann 04.06.|
notiz-0605|1v-FlbJ8nWEKKi7mmoHJZpRjelULCcVxs|quer|mitschrift|Notiz 05.06.2026 (1)|
mark-w-0605|1dhdh_eEJAAEh2ZYk7Y7cdGU0ses4_XLs|quer|zip|Markierung Wiegmann 05.06.|
notiz-0608|1-RTQLZit0Bsz9VtCL6rzGICItAHmssgW|quer|mitschrift|Notiz 08.06.2026 (3)|
notiz-0609|1Yq0zBZbmF2_TcbnIpIE6qC-w7mJKoAxh|quer|mitschrift|Notiz 09.06.2026 (2)|
notiz-0610|1Og4ia09peu68NHCkv-QnKIwPIy02fvkW|quer|mitschrift|Notiz 10.06.2026 (2)|
notiz-0611|1MT0dl-C-QZBI5YkPdFMj-vC8Ip0U5p1o|quer|mitschrift|Notiz 11.06.2026 (2) (2)|
mark-m-0615|1lU8-xp7KOkksvNXqhUjqHrsTwBizlHqw|quer|zip|Markierung Mirbach 15.06.|
mark-m-0616|1KR4BhAyOlFJxsxzZh5dslLpxcrNJ8HiH|quer|zip|Markierung Mirbach 16.06. (1)|
notiz-0612|1sGlR9IRcd76-lw5n-SGvCZ01Ln2Yf7Kj|quer|mitschrift|Notiz 12.06.2026 (1)|
mark-w-0617|1wXHBvgzCKHn_MPngOphU2rn_fEx0cKse|quer|zip|Markierung Wiegmann 17.06.|
notiz-0617|10IUTtSFLBVvO2CCWgw1BQiFQ8vw2BHTR|quer|mitschrift|Notiz 17.06.2026|
mark-w-0618|1DHu2gpgN8Xq44et7Jc_62Hac4D5sz2-q|quer|zip|Markierung Wiegmann 18.06.|
notiz-0618-a|1fhhupW0koYrxa257wpb_LqKk0UWvlIxZ|quer|mitschrift|Notiz 18.06.2026 (1)|
notiz-0618-b|1m6oorRDwBZiU8cjuoImo-vs4SR1sI9Yl|quer|mitschrift|Notiz 18.06.2026|
notiz-0619|18Rh--MGQmr0msN2u5nL9sfgv73QgkPiA|quer|mitschrift|Notiz 19.06.2026|
mark-w-0619|1jS5VyyUB10_1ssRh9ax6GQUk0NDQ-Hxp|quer|zip|Markierung Wiegmann 19.06.|
mark-m-0623|15-dHXIlEz4rpSVD6Ahih0DJ8tXRZkJ2N|quer|zip|Markierung Mirbach 23.06.|
mark-m-0625|17PmxOKAud2pwmUifXJjr7MpJx-mZPFso|quer|zip|Markierung Mirbach 25.06.|
mark-m-0626|1Zq3MqtKGkn4u3WZ2G9atkRnNLPmyHR12|quer|zip|Markierung Mirbach 26.06.|
notiz-0629|1BaYoSoYhWUoSLmku9P-YcTpXvNtEaF4_|quer|mitschrift|Notiz 29.06.2026 (2)|
notiz-0701|1XMbdCL4dAmPkL5gKNJYUgei6nJHSBKQe|quer|mitschrift|Notiz 01.07.2026 (2)|
notiz-0702|1Rev736I4EBriL1EhRgihzssqnPwlhBpL|quer|mitschrift|Notiz 02.07.2026 (1)|
mark-m-0703|1hS6O1Z38P9lHLnu-R03VNHNB4KZsmffi|quer|zip|Markierung Mirbach 03.07. (1)|
notiz-0706|1BwxnYAYj4XiGprKxlBwhG1YUyyaVj-Z2|quer|mitschrift|Notiz 06.07.2026 (1)|
notiz-0707|1UR9xmQRsAaCxY7NY3VLHmafZK_RkPhpb|quer|mitschrift|Notiz 07.07.2026 (1)|
notiz-0708|1wkbe2aEZy1W0-GY0Rd0tumXWJUTIxdNV|kst|mitschrift|Notiz 08.07.2026 (1)|
notiz-0710|1C84fQeyd2VKWEWd00ld4BsXD1FBJhfSh|kst|mitschrift|Notiz 10.07.2026 (2)|
mark-w-0713-14|1Al3l08tISMz96NVYijEpq2iMGkcPhwvT|quer|zip|Markierung Wiegmann 13.07./14.07.|
notiz-0713|1gw4uvlFpmmKlagc3cLEtZ6dFSEx3fFWb|quer|mitschrift|Notiz 13.07.2026|
notiz-0714|18T-Gm4nztjjISTchGMXSLQcfaW9kl3to|quer|mitschrift|Notiz 14.07.2026|
notiz-0719|1jZ_kviK0scUBvdnCc2ZqEI0pwTpTusLe|quer|mitschrift|Notiz 19.07.2026|
bmf-2006|1y03HrcwcBVPhJS5CktMboDTUbHfnQmFB|quer|markierung|BMF 14.03.2006 (22)|
bmf-1993|1R-Vsf8fr-WKRlJoIBrD_b2MJncXBwpWr|quer|markierung|BMF 13.01.1993 (23)|
notiz-0727|1Wx-NZcxBHMOabRGm1oCn92Zn4FlPnzsf|quer|mitschrift|Notiz 27.07.2026 (1)|
notiz-0728|1t1_HpJQ_rwrkR7EAjgL7gQ4_Ux56m4Ks|kst|mitschrift|Notiz 28.07.2026 (2) (1)|
notiz-0731|1DRNy8-xBrzmNQ3foQeFA-RIr-Zak9xF2|quer|mitschrift|Mitschrift 31.07.2026|
notiz-0730|1zPvsWgNZEkLgbu5pJcqTdW6y3y-eeGAj|bilanz|mitschrift|Notiz 30.07.2026 (3) (1)|
notiz-0804|1PzQJ22WSpHMDnHgGyFPfa2UrO_4Va-TX|quer|mitschrift|Mitschrift 04.08.2026|
persg-tag3-notiz|1yURTWx7VJAumJ_c7oj6d0p7kWnZCA_Az|persg|mitschrift|3. Tag PersG|
notiz-0806|1rctbmjAgJnWWN4peqeCpwREeheI0MFH0|quer|mitschrift|Mitschrift 06.08.2026|
mark-m-0810|1PBCXEYI0OmWdpQqAa5dPhj9Brs3PRRTD|quer|zip|Markierung Mirbach 10.08. (1)|
mark-m-0811|1YwrhZQIYrfI3VcKNliYm3mkklhE-RZ3c|quer|zip|Markierung Mirbach 11.08. (1)|
notiz-0812|1b5wGNYwEJ--Igyoq3Xu-aLhUZjvd9H1n|quer|mitschrift|Notiz 12.08.2026|
notiz-0813|1kwTiawCuRg_vHAKJBJ0EIhzBEkFuhCK-|quer|mitschrift|Notiz 13.08.2026|
notiz-0819|1VwApnr90OeoeqagZNtDYqac9wtL7kaIv|quer|mitschrift|Notiz 19.08.2026|
mark-w-0817-18|1Wn6sXlBhZ95mkp2yq4QRvkHFjyFDIH6f|quer|zip|Markierungen Wiegmann 17.08./18.08.|
notiz-0817|1ajZ0BxoVjaZqXFdXUZniCpq93yl_TOxi|quer|mitschrift|Notiz 17.08.2026|
notiz-0818|1vl5NNjR3r057KtoFUR8hzqFScLMfHL1U|quer|mitschrift|Notiz 18.08.2026|
notiz-0820|1Lq3oA_UIUoLzI38uELjkfex7OZQt3Pfr|quer|mitschrift|Notiz 20.08.2026|
notiz-0823|169omKUMphpGnAcbwy62SZVGBJr11J6EJ|quer|mitschrift|Notiz 23.08.2026|
mark-m-0824|1OzMztQTJUjw_kqR4hP7uvdJLM7wTbXlj|quer|zip|Markierung Mirbach 24.08.2026 (1)|
mark-einzel-15|1nbHg9xxYllp2caip_GSQxD67CiIDyLEI|quer|image|15 (1).jpg|
mark-m-0825|1jJZvj_N4HuM6jgj9CfaNoGtP7r7HGMwO|quer|zip|Markierung Mirbach 25.08. (1)|
mark-m-0826|1UNnvr_26p3Pj21HoXmyR7yj0Aialje1P|quer|zip|Markierung Mirbach 26.08. (1)|
mark-m-0827|1y72fPoNfo96RXLGc2kb6DoKaU3z2wSxN|quer|zip|Markierung Mirbach 27.08. (1)|
notiz-0630|1J36jAb57U1A_9IfkO9dZ-sXaOt3TOKSK|quer|mitschrift|Notiz 30.06.2026 (2)|
mark-m-0828|1Ww3qFaJQf-gjntfW7bQNP-ucM9wC_8aC|quer|zip|Markierung Mirbach 28.08. (1)|
